<?xml version="1.0" encoding="UTF-8"?>
<con:config xmlns:con="http://www.sourceid.org/2004/05/config">
    <!--
        The window, in seconds, to report statistics
    -->
    <con:item name="StatisticsWindowSecs">300</con:item>

    <!--
        Comma separated list of percentiles to report on with the heartbeat endpoint.
    -->
    <con:item name="StatisticsPercentilesList">90</con:item>

    <!--
        A map containing MBean attributes that are made available for inclusion in the heartbeat page templates.
        The key in the map is the variable name that can be referenced in the Velocity template.
        The value is the name of the MBean concatenated with the attribute name, separated with the pipe (|)
        character.
    -->
    <con:map name="HeartbeatMBeanAttributes">
        <con:item name="engine.jetty.queued.thread.pool.utilized.threads">org.eclipse.jetty.util.thread:type=queuedthreadpool,id=0|utilizedThreads</con:item>
        <con:item name="engine.jetty.queued.thread.pool.max.available.threads">org.eclipse.jetty.util.thread:type=queuedthreadpool,id=0|maxAvailableThreads</con:item>
        <con:item name="engine.jetty.queued.thread.pool.utilization.rate">org.eclipse.jetty.util.thread:type=queuedthreadpool,id=0|utilizationRate</con:item>
        <con:item name="engine.jetty.queued.thread.pool.queue.size">org.eclipse.jetty.util.thread:type=queuedthreadpool,id=0|queueSize</con:item>
        <con:item name="admin.jetty.queued.thread.pool.utilized.threads">org.eclipse.jetty.util.thread:type=queuedthreadpool,id=1|utilizedThreads</con:item>
        <con:item name="admin.jetty.queued.thread.pool.max.available.threads">org.eclipse.jetty.util.thread:type=queuedthreadpool,id=1|maxAvailableThreads</con:item>
        <con:item name="admin.jetty.queued.thread.pool.utilization.rate">org.eclipse.jetty.util.thread:type=queuedthreadpool,id=1|utilizationRate</con:item>
        <con:item name="admin.jetty.queued.thread.pool.queue.size">org.eclipse.jetty.util.thread:type=queuedthreadpool,id=1|queueSize</con:item>
    </con:map>

</con:config>